inst; m; l; mh; mhtime
0;200;15;23608;0.0387672
1;200;15;23734;0.0381773
2;200;15;23285;0.0411296
3;200;15;23345;0.0392786
4;200;15;23320;0.0501128
5;200;15;23909;0.0460543
6;200;15;23469;0.0451216
7;200;15;23570;0.0417767
8;200;15;23457;0.0389872
9;200;15;23547;0.04601
10;200;15;23818;0.0758857
11;200;15;23391;0.231415
