inst; m; l; mh; mhtime
0;500;100;2604599;10.1226
1;500;100;2604000;21.6734
2;500;100;2611175;26.502
3;500;100;2598684;18.9519
4;500;100;2621496;28.7409
5;500;100;2597003;9.17424
6;500;100;2592265;2.05122
7;500;100;2593611;1.5938
8;500;100;2594484;6.66725
9;500;100;2591663;2.61156
10;500;100;2612669;4.25649
