inst; m; l; mh; mhtime
0;200;15;23608;0.0379689
1;200;15;23734;0.04093
2;200;15;23285;0.0771311
