inst; m; l; mh; mhtime
0;500;100;2604599;3.34994
1;500;100;2604000;5.82533
